Country;1988;1989;1990;1991;1992;1993;1994;1995;1996;1997;1998;1999;2000;2001;2002;2003;2004;2005;2006;2007;2008;2009;2010;2011;2012;2013;2014;2015;2016;2017;2018;2019;2020;2021;2022;2023;2024
Algeria;43.3;35.0;36.1;22.0;40.1;47.4;48.4;43.8;50.5;59.8;64.0;60.4;61.3;67.2;66.6;69.0;86.5;89.0;92.8;116.4;150.0;150.2;158.3;236.8;250.3;267.2;305.8;262.7;252.7;244.1;227.6;240.2;222.2;205.2;202.7;398.5;469.1
Libya;;;;;;;;;;249.1;282.9;222.7;206.5;153.1;83.0;97.3;120.7;119.2;103.8;105.8;178.3;;;;488.0;635.8;589.3;;;;;;;;169.2;216.5;
Morocco;39.4;41.8;44.3;46.7;49.1;49.2;52.9;54.9;54.4;51.9;52.7;36.2;37.0;51.4;50.8;61.9;65.1;67.4;69.8;77.7;93.8;96.0;98.0;102.3;102.7;121.1;119.1;95.0;95.6;98.2;103.7;103.3;132.7;146.3;134.5;138.2;145.6
Tunisia;29.5;29.0;30.1;31.0;33.7;31.5;33.2;37.7;43.1;38.3;38.6;37.2;34.2;34.2;34.8;40.6;43.9;45.9;48.3;47.2;55.2;53.3;53.3;66.1;62.2;68.6;81.0;86.4;86.1;74.1;72.1;84.7;97.0;104.0;95.7;99.4;107.3
Angola;137.6;176.4;153.2;87.2;65.0;140.6;45.7;17.4;11.5;31.7;11.4;69.2;36.6;24.6;25.8;38.0;44.8;72.1;100.3;99.7;149.4;150.6;153.3;153.3;167.9;237.3;256.7;130.5;96.4;103.1;64.5;46.2;30.2;28.9;46.3;34.5;24.7
Benin;7.6;5.7;6.3;;;;;;;;;2.6;2.0;1.8;3.4;4.4;5.2;5.4;5.5;;7.1;;;;7.6;8.2;8.6;8.1;6.9;9.8;7.4;5.4;5.6;7.4;8.1;10.7;10.8
Botswana;77.0;82.0;121.3;130.2;130.9;132.6;118.4;112.1;92.6;103.3;113.9;104.4;111.3;124.1;129.3;171.0;175.3;155.7;147.0;162.0;172.2;167.6;173.4;176.8;156.2;144.2;160.6;175.4;231.8;232.1;218.2;222.3;212.4;225.2;211.9;197.4;227.0
Burkina Faso;6.7;7.6;9.3;7.5;7.5;6.2;3.0;3.6;3.5;3.6;3.6;3.7;3.1;3.0;3.4;3.9;4.9;5.4;5.1;7.4;7.8;8.2;7.8;8.5;8.7;9.5;9.9;8.0;7.8;9.7;15.2;17.3;18.0;21.1;25.3;36.3;44.0
Burundi;6.4;7.0;7.2;7.6;6.8;6.1;7.8;7.0;8.3;10.2;9.6;8.1;6.6;8.1;6.7;6.3;6.3;6.7;5.8;5.8;5.3;;;;6.0;5.9;5.9;6.0;6.0;5.6;5.6;7.0;5.4;5.3;7.7;10.8;12.4
Cameroon;14.7;13.5;16.2;15.5;15.5;13.8;7.5;8.8;8.8;8.7;9.8;10.1;8.4;8.2;9.4;11.8;13.5;13.2;14.8;16.7;18.9;18.2;18.3;17.4;17.3;18.6;18.5;15.8;16.8;17.2;17.6;16.8;15.2;16.7;15.3;16.3;18.6
Cape Verde;14.1;;;;9.1;6.9;8.5;15.0;10.1;9.6;10.4;11.3;15.1;10.2;9.7;12.3;13.6;14.7;14.3;16.1;21.6;16.7;16.2;19.1;19.0;19.2;19.6;17.4;19.9;18.2;20.9;18.9;21.9;21.8;19.8;27.6;32.1
Central African Republic;;;;7.4;7.7;6.2;3.3;3.9;3.6;;;;;;2.7;3.7;3.6;3.6;;4.3;7.0;7.8;11.6;11.0;9.3;10.4;8.2;5.8;5.7;5.8;6.3;8.3;8.9;10.9;8.2;12.3;13.6
Chad;14.1;9.9;5.8;;5.6;6.0;3.3;2.9;3.4;2.2;2.1;2.6;2.6;3.0;3.8;4.4;5.2;5.5;21.2;35.7;54.3;63.2;50.9;48.7;;54.1;28.1;15.3;20.8;14.3;15.9;14.3;19.1;18.9;18.3;19.9;28.1
Congo, DR;6.4;1.9;1.3;1.2;2.2;11.7;;;2.0;1.8;0.6;3.1;2.7;;;1.4;2.5;2.9;3.4;3.3;2.5;1.9;2.7;3.4;4.6;5.0;4.4;6.2;4.8;3.5;3.3;3.9;3.8;3.1;3.7;7.6;8.4
Congo, Republic;;;;;50.6;42.9;;;;;;;;16.9;21.3;27.7;35.5;27.8;33.6;43.0;51.3;;49.8;;;76.5;143.4;;97.3;70.4;54.0;54.0;52.5;53.8;44.6;46.7;29.1
Cote d'Ivoire;11.6;11.3;12.1;11.6;12.1;11.0;6.0;;6.8;5.9;;;;;;11.3;13.0;12.6;13.2;15.6;17.3;19.3;17.4;15.7;17.5;18.1;21.6;22.9;23.5;19.0;22.4;19.3;21.3;21.8;20.2;22.2;20.9
Djibouti;66.2;62.2;56.9;51.9;51.7;51.6;49.0;47.2;38.4;40.4;38.9;37.6;35.4;34.3;42.4;51.8;45.6;53.9;58.5;39.9;41.1;;;;;;;;;;;;;;;;
Equatorial Guinea;;;;;;;4.4;6.2;;;;;;;;;;;;194.0;276.2;335.4;;;;;121.3;96.2;94.0;88.7;94.1;90.5;95.7;93.8;88.0;88.9;60.5
Eritrea;;;;;;59.4;42.2;64.8;71.8;43.4;121.3;124.5;103.3;73.7;63.8;75.0;;;;;;;;;;;;;;;;;;;;;
Ethiopia;14.2;17.4;16.8;10.9;5.0;3.1;2.7;2.2;2.2;3.7;7.4;10.9;9.3;5.1;4.1;3.8;4.2;4.4;4.3;4.4;4.6;3.9;3.4;3.6;3.9;3.6;4.2;4.3;4.7;4.7;4.7;4.7;6.4;13.2;14.4;11.1;7.1
Gabon;;;;;;;;;;;;;72.5;69.7;71.4;79.5;89.3;81.9;87.7;;;;159.0;152.0;153.3;150.1;107.0;84.7;97.9;125.6;119.6;119.1;114.8;132.5;115.5;108.0;127.0
Gambia, The;2.3;2.8;3.4;3.7;3.1;2.2;1.9;2.3;3.1;3.2;3.0;2.5;2.3;1.7;1.5;1.3;1.2;1.8;1.6;2.6;9.6;3.8;;;5.6;5.0;6.8;6.5;;;4.8;6.0;6.0;6.2;5.9;5.2;5.3
Ghana;1.6;1.5;1.8;2.7;2.6;2.5;2.3;2.9;2.5;2.5;3.1;3.1;2.6;1.6;1.8;2.5;2.6;2.9;3.3;5.4;4.7;4.8;4.9;9.1;12.8;9.4;9.1;6.7;5.6;6.4;7.2;7.5;7.6;9.3;7.0;8.5;7.9
Guinea;;;;10.9;8.2;6.3;6.3;;;5.6;5.6;6.8;5.5;10.3;11.4;9.6;9.0;;;;;;;;15.7;17.8;17.4;19.1;13.6;14.9;15.7;15.4;15.7;18.1;31.8;35.5;38.6
Guinea-Bissau;;4.7;;;;;1.9;2.0;1.7;1.6;2.5;;7.8;5.0;5.0;5.8;;8.9;;;;9.1;11.1;11.0;15.0;13.0;12.5;9.7;8.7;10.3;11.2;11.6;12.1;12.6;11.8;11.9;
Kenya;12.0;10.5;11.0;8.2;6.5;4.3;4.6;5.7;6.3;6.3;6.0;5.2;5.5;6.3;6.7;7.4;7.6;9.0;10.3;13.2;15.0;14.5;15.2;15.3;19.4;19.4;18.0;18.1;19.6;20.9;22.4;22.0;21.6;22.6;21.5;19.2;22.0
Lesotho;9.8;12.9;13.5;12.2;13.0;11.7;13.5;17.7;14.4;14.5;13.9;17.0;15.2;11.7;9.8;13.7;15.9;17.1;18.1;20.5;14.0;24.0;35.5;29.0;26.3;23.4;23.1;21.0;19.6;24.5;23.5;20.4;17.4;16.5;15.2;15.0;15.6
Liberia;10.4;;;13.2;11.2;14.3;18.0;;;;;;;;;;1.5;2.0;1.1;0.8;1.3;1.7;2.2;3.0;3.5;3.4;3.2;3.2;3.1;2.8;2.7;2.6;2.5;5.7;9.8;11.5;6.1
Madagascar;2.9;2.6;3.2;2.8;1.8;2.9;2.1;2.0;3.5;3.6;3.3;2.9;2.9;3.9;3.3;4.1;3.0;2.9;2.8;4.1;5.0;3.3;2.6;3.2;3.0;3.0;2.9;2.3;2.3;2.5;2.7;2.7;3.1;3.4;3.3;3.3;3.9
Malawi;2.4;2.5;2.6;2.4;2.5;2.5;1.7;1.1;2.0;2.5;1.4;1.3;1.0;1.1;1.3;1.1;1.8;3.0;2.4;2.5;3.2;4.1;3.4;3.5;3.0;3.9;3.0;2.4;2.1;2.7;3.2;4.5;5.1;4.7;5.8;7.2;5.5
Mali;5.5;5.2;5.7;;;4.6;3.0;4.0;3.9;3.8;3.8;4.0;3.8;3.8;4.1;5.3;6.0;6.5;7.0;7.8;9.7;9.5;9.4;9.9;8.9;9.0;12.3;16.9;19.2;23.6;23.9;22.9;27.8;29.6;25.6;33.5;38.5
Mauritania;23.5;20.6;20.9;19.9;19.3;14.1;13.3;14.0;16.2;17.5;10.5;12.8;14.7;19.6;13.4;22.5;;23.0;27.5;;39.4;35.5;;;40.0;39.2;38.2;34.0;33.8;34.7;37.2;36.9;43.8;49.5;46.9;56.0;51.0
Mauritius;4.4;5.9;8.5;9.6;10.3;9.6;10.4;11.7;11.1;8.3;7.1;7.5;7.7;7.3;7.7;8.8;8.8;8.7;8.6;9.2;12.2;12.0;11.6;13.6;12.9;18.0;15.3;13.2;17.0;17.5;17.8;17.2;14.4;15.8;14.0;15.6;18.1
Mozambique;5.0;6.2;6.5;5.4;4.4;4.3;5.1;2.1;2.2;2.5;2.9;3.2;3.1;2.8;2.9;3.1;4.0;3.1;2.8;3.3;3.9;3.8;4.4;5.1;5.8;6.4;6.8;5.1;4.1;4.7;6.9;7.4;9.5;9.9;13.0;12.2;13.2
Namibia;;;116.7;103.9;86.6;47.2;37.2;43.2;40.9;50.2;46.1;60.3;51.4;52.6;46.9;68.0;86.5;98.3;100.8;113.8;131.0;145.3;189.5;208.6;190.3;175.4;235.5;221.3;176.8;184.5;179.3;158.5;137.0;144.5;128.2;115.9;120.9
Niger;;;;;;;1.9;1.9;1.8;1.7;2.1;2.2;1.8;2.1;1.7;2.0;2.4;2.4;;;3.6;3.4;4.1;5.0;8.5;5.8;7.7;;8.2;9.5;10.5;11.0;10.2;8.4;9.7;12.9;16.4
Nigeria;3.0;1.8;2.9;2.5;1.7;2.8;3.0;5.8;6.2;7.1;9.7;4.0;3.0;4.5;6.8;4.3;4.6;4.7;5.3;6.4;10.4;9.4;12.1;14.1;13.3;13.5;12.9;11.0;8.9;8.2;10.1;9.0;12.1;20.7;14.1;13.8;4.9
Rwanda;5.3;5.9;13.0;14.1;11.7;11.5;4.9;10.5;12.4;10.4;10.8;10.0;7.5;6.9;6.1;5.3;4.7;5.0;5.9;5.9;7.0;7.6;7.3;7.2;7.5;7.5;8.1;9.0;9.1;9.6;9.6;9.8;11.4;12.7;13.1;13.0;12.5
Senegal;14.7;13.5;15.5;14.0;13.6;14.5;7.8;9.3;8.9;7.7;8.0;8.1;6.3;6.8;7.2;9.1;9.9;11.2;13.1;16.6;18.2;17.6;15.7;18.0;15.0;17.5;17.2;14.9;20.6;20.0;24.5;22.1;20.9;28.4;24.1;25.1;28.2
Seychelles;168.7;178.6;200.5;223.8;273.3;170.4;154.4;148.6;133.5;144.3;131.8;136.9;124.4;131.7;137.6;142.3;181.0;165.5;159.6;166.8;120.9;93.0;76.1;90.8;101.3;136.3;300.1;170.8;201.1;200.8;189.1;202.6;163.1;328.7;197.6;261.6;208.2
Sierra Leone;2.3;3.6;3.0;5.4;6.4;5.6;6.4;6.0;4.5;2.2;2.3;3.9;5.4;6.6;5.6;5.6;4.4;4.3;5.0;5.1;4.1;4.4;4.1;4.0;4.6;4.8;7.2;5.6;5.3;5.4;4.0;3.2;4.2;5.4;5.1;4.5;4.3
Somalia;6.7;1.2;;;;;;;;;;;;;;;;;;;;;;;;2.1;4.6;3.4;3.4;4.2;5.0;4.6;6.0;6.5;6.8;7.8;10.8
South Africa;112.5;107.1;108.6;93.8;87.4;76.0;79.4;74.5;57.8;53.2;41.5;37.4;40.3;38.1;37.0;53.3;63.6;72.4;70.5;70.2;64.7;69.9;80.5;87.2;84.2;75.9;70.6;62.2;54.7;62.9;62.3;58.1;53.8;55.6;52.4;45.8;44.6
South Sudan;;;;;;;;;;;;;;;;;;;70.9;71.9;104.2;67.5;68.9;104.9;93.8;89.5;114.6;103.7;12.2;6.9;15.0;18.1;12.2;19.7;47.8;96.5;171.6
Sudan;17.7;;54.0;61.4;8.1;11.1;9.5;5.7;4.3;3.8;9.9;16.0;21.4;13.8;16.8;13.5;41.1;37.7;52.1;75.0;97.3;93.3;;;;;;57.8;67.6;104.6;24.1;16.1;20.2;7.9;;;
Eswatini;11.2;10.6;16.6;18.0;22.7;24.7;26.3;30.0;27.0;25.7;25.4;25.2;23.6;18.8;17.4;30.0;39.9;55.3;54.1;56.9;60.9;68.9;92.1;95.6;80.9;76.3;71.8;64.6;70.3;76.1;82.4;73.7;64.8;69.0;68.6;57.6;64.4
Tanzania;5.1;4.2;3.4;4.1;3.6;2.1;2.0;2.8;3.3;3.8;4.2;3.9;4.0;4.3;3.9;3.4;3.4;3.6;3.7;4.1;4.6;5.1;6.4;6.8;7.7;9.2;10.2;10.1;10.3;10.3;10.6;10.6;11.3;12.3;13.7;14.4;13.6
Togo;11.6;10.9;12.9;11.3;11.8;11.7;6.2;7.1;;;;;;;;5.3;5.6;5.8;;;9.1;8.5;8.6;8.6;9.0;10.1;11.3;9.2;10.6;11.1;12.8;20.4;19.1;22.7;37.5;30.1;20.8
Uganda;8.7;8.4;6.2;4.1;2.8;3.3;5.3;6.2;6.5;6.5;7.0;7.0;6.0;5.6;5.7;5.9;7.3;7.9;7.7;8.6;10.4;9.5;19.1;18.5;10.4;8.6;9.1;8.3;8.4;8.8;10.0;15.3;22.5;23.6;19.8;20.4;22.6
Zambia;11.9;22.4;18.1;10.9;12.1;6.2;7.4;6.4;4.3;4.8;;5.8;;;;;8.8;12.1;17.3;18.8;21.7;16.7;20.4;21.8;23.6;25.2;28.4;23.1;18.0;19.8;21.3;16.0;11.3;11.3;16.4;18.5;16.6
Zimbabwe;43.1;42.0;41.6;36.6;28.1;23.0;22.8;24.1;26.4;27.7;;22.5;29.2;24.0;56.3;16.0;20.8;10.6;12.9;;;;7.4;14.7;23.2;25.6;26.1;26.3;24.7;23.2;28.2;36.1;15.7;30.3;20.9;53.7;6.0
Belize;;24.6;26.3;25.6;28.0;31.8;40.1;40.1;38.5;43.9;;;30.0;30.4;31.1;32.9;35.4;38.8;43.3;47.1;62.4;56.1;48.4;47.6;46.0;52.6;57.7;55.9;60.3;62.5;61.9;63.8;67.1;67.9;70.0;74.9;72.8
Costa Rica;;;;;;;;;;;;;;;;;;;;;;;;;;;;;;;;;;;;;
Cuba;;;;;;;;;;;;;;;;26.5;5.5;7.0;6.8;7.4;7.9;8.2;8.3;8.3;11.2;10.6;11.1;10.5;11.0;10.9;11.4;;;;;;
Dominican Republic;7.0;7.7;6.8;4.7;8.6;12.8;13.2;10.8;13.4;18.6;19.3;20.9;29.0;35.4;30.9;17.5;16.9;29.7;27.9;29.2;35.1;33.3;36.4;35.3;39.6;37.8;42.7;44.1;45.7;50.2;55.4;56.6;54.7;55.2;69.2;83.9;86.2
El Salvador;34.8;40.6;30.6;26.6;24.2;20.7;19.2;19.5;19.2;19.3;18.9;19.5;18.6;25.3;27.0;21.1;21.3;22.1;23.7;27.6;28.7;31.4;33.2;36.3;36.8;38.8;38.0;40.1;40.0;42.0;47.4;51.0;55.3;56.3;73.2;72.2;67.2
Guatemala;17.4;17.5;14.9;13.0;16.4;15.0;15.4;15.6;13.5;12.3;12.7;11.0;13.6;16.6;13.1;14.4;9.1;8.1;9.9;10.1;12.1;10.5;11.8;13.5;15.0;16.4;15.8;15.9;18.1;16.7;16.3;19.5;19.9;19.3;24.9;24.3;22.7
Haiti;0.3;0.3;0.4;0.3;0.2;0.2;0.2;0.3;;;;;;;;;;;;;;;;;;0.4;0.5;0.5;0.6;0.6;0.9;1.1;1.4;2.6;1.1;1.0;1.7
Honduras;28.4;28.9;13.7;9.4;;7.6;;;;;;;8.1;9.4;9.3;11.7;8.4;8.5;10.0;12.4;16.7;19.4;20.6;23.7;24.3;28.9;26.9;31.5;35.8;38.7;37.1;39.8;34.0;41.2;44.2;49.6;54.1
Jamaica;13.2;17.4;16.3;13.3;19.6;18.3;13.9;14.2;16.6;21.6;18.6;17.5;16.8;17.7;21.6;20.7;20.5;22.1;27.0;30.8;48.1;42.0;42.1;48.5;49.7;46.2;43.5;44.3;49.0;51.0;74.4;94.3;83.8;76.7;77.7;81.1;92.4
Mexico;12.4;14.3;14.8;17.4;21.4;24.4;29.8;17.4;20.5;23.4;23.9;27.5;31.0;32.5;31.5;28.9;27.5;29.7;28.5;39.1;39.6;40.6;42.5;48.0;49.3;55.1;56.7;45.4;43.9;41.2;47.1;53.1;63.7;68.2;78.6;91.6;128.4
Nicaragua;;;277.7;16.1;11.0;9.1;7.9;7.6;6.7;6.3;5.4;5.5;6.2;5.6;6.8;6.8;6.2;6.4;6.9;7.2;7.7;7.4;7.8;8.9;12.0;12.5;13.5;16.2;13.7;13.8;12.8;11.9;12.2;11.8;12.6;14.5;15.3
Panama;44.2;42.9;30.1;31.7;31.1;36.8;38.2;35.8;36.8;42.0;36.3;38.2;;;;;;;;;;;;;;;;;;;;;;;;;
Trinidad and Tobago;;;;;;17.7;18.8;;;;;;;10.5;14.7;25.3;56.5;72.5;85.3;91.6;101.6;100.7;103.4;105.0;120.6;150.0;133.3;141.8;150.9;140.1;114.5;115.7;115.1;142.0;145.6;162.2;155.7
Canada;370.5;396.0;413.7;405.2;380.8;358.2;330.4;313.2;290.9;265.5;256.6;269.5;270.0;269.8;270.7;314.2;354.5;402.3;454.3;529.1;581.5;563.0;567.8;622.3;588.8;527.4;503.3;501.2;492.2;608.9;613.6;596.4;607.2;661.8;662.7;697.1;742.2
United States of America;1252.3;1290.0;1291.0;1174.4;1259.7;1212.6;1166.6;1108.6;1068.3;1077.1;1059.1;1074.3;1142.8;1173.0;1324.8;1527.1;1692.2;1812.1;1878.7;1963.5;2164.5;2303.0;2384.3;2406.6;2297.8;2131.8;2014.3;1952.5;1953.0;1955.5;2045.4;2182.7;2295.2;2373.1;2527.0;2674.7;2895.1
Argentina;85.5;45.0;63.1;86.6;97.3;99.3;109.2;109.1;95.7;93.5;94.0;94.6;88.3;85.1;29.5;36.0;38.0;43.6;46.9;57.7;69.4;73.4;84.6;97.6;108.8;121.3;116.4;126.8;103.2;123.8;86.4;69.9;62.7;67.9;95.6;107.4;91.6
Bolivia;13.7;14.7;19.4;19.9;19.2;14.6;17.6;18.0;18.5;22.3;27.8;21.1;20.3;21.8;17.8;19.3;18.2;17.7;17.8;20.3;37.5;30.7;54.2;39.3;47.9;53.3;58.1;53.1;46.8;51.0;52.8;51.2;43.4;45.1;35.8;48.4;53.1
Brazil;41.2;60.4;62.5;44.5;32.6;45.6;67.0;89.2;86.4;84.2;85.5;57.9;65.6;62.4;54.5;46.7;53.8;74.0;88.3;109.2;129.0;134.1;176.3;189.9;173.3;166.3;163.9;122.5;119.7;143.5;137.2;125.3;94.1;91.7;97.9;103.4;99.0
Chile;77.6;75.5;77.4;76.6;84.9;92.3;103.2;126.8;130.1;143.0;140.6;134.2;136.5;121.4;112.8;129.7;166.8;190.6;234.7;242.5;277.1;230.6;286.3;329.3;313.5;314.2;287.1;257.9;264.4;291.9;296.2;271.8;271.4;267.6;238.4;279.0;259.0
Colombia;28.0;27.5;27.7;27.8;33.0;44.8;57.6;73.8;119.5;81.2;90.5;85.2;78.1;82.8;83.7;80.7;98.4;117.4;125.6;157.7;208.1;205.2;234.1;228.9;257.3;272.2;255.5;195.2;183.9;210.0;208.7;205.5;189.8;199.9;187.8;207.2;286.9
Ecuador;20.0;18.7;19.5;19.7;19.5;25.0;25.8;41.4;35.8;41.9;45.2;23.9;21.1;30.0;38.8;55.8;52.6;69.5;68.0;92.2;113.9;132.6;140.0;161.4;167.6;174.3;175.0;160.8;153.4;148.1;150.9;136.3;134.9;136.7;145.8;150.4;149.4
Guyana;14.5;8.0;4.8;2.7;4.8;5.9;7.3;7.5;7.3;;;;16.5;18.8;21.8;21.4;29.0;24.3;25.2;32.9;40.4;41.2;41.4;43.3;45.0;47.0;52.2;61.4;67.8;77.7;80.1;82.8;95.3;94.3;107.7;133.1;243.5
Paraguay;47.4;25.3;28.2;48.3;40.4;36.7;36.5;45.7;43.6;35.4;28.7;23.5;21.8;17.7;13.4;12.0;15.8;14.3;19.5;23.9;30.1;29.9;35.9;49.4;54.8;62.5;66.1;63.2;55.3;55.3;60.6;58.1;55.5;56.0;54.4;58.5;60.1
Peru;35.4;40.5;35.7;31.3;39.8;41.3;47.0;58.6;56.8;47.1;44.8;38.2;34.5;33.7;30.9;32.5;33.3;43.0;45.8;46.9;52.5;64.2;75.2;80.7;97.1;111.4;107.4;109.4;82.8;85.7;83.9;85.8;81.2;80.5;84.1;98.3;75.4
Uruguay;85.0;96.8;106.1;86.3;117.2;133.1;142.4;164.7;180.0;178.9;177.4;176.9;170.5;159.9;105.1;82.2;85.1;105.8;119.5;126.4;172.1;174.5;228.0;248.2;277.6;312.9;308.7;288.5;292.9;344.4;374.7;340.0;321.2;370.1;382.5;446.0;512.8
Venezuela;58.9;62.6;37.7;49.0;48.3;61.3;43.7;54.6;32.7;67.3;62.1;59.1;73.6;77.2;42.5;38.5;55.5;100.3;134.4;158.6;203.2;143.6;139.4;123.4;174.1;208.5;51.7;10.5;7.1;69.1;25.2;0.1;0.1;0.1;0.2;0.1;
Australia;354.7;376.5;394.3;407.2;394.2;381.7;419.0;426.1;450.7;431.1;382.1;413.2;382.5;365.9;407.9;503.7;601.8;656.5;697.1;828.1;880.8;878.3;1056.4;1192.5;1157.2;1077.0;1100.8;1011.7;1093.5;1128.8;1076.6;1030.4;1064.1;1266.6;1244.0;1230.5;1272.3
Fiji;32.7;38.1;39.7;41.8;39.0;40.7;42.5;43.5;41.0;38.4;27.7;28.8;38.3;38.8;36.2;43.3;53.8;49.1;61.0;84.5;59.5;56.7;55.5;66.7;64.8;63.4;81.6;46.4;59.2;81.9;88.6;86.3;77.9;75.0;74.3;79.6;83.8
New Zealand;290.7;288.8;316.2;286.8;247.8;244.0;272.4;314.4;334.4;314.4;255.2;253.7;223.2;205.9;221.2;273.6;294.2;314.0;326.8;378.6;361.9;341.5;406.0;443.6;444.2;441.1;445.2;380.0;412.1;450.1;473.8;551.6;557.9;569.4;553.4;588.0;577.3
Papua New Guinea;12.6;14.1;17.9;13.3;14.3;16.2;18.9;12.4;16.7;16.2;9.8;6.8;6.2;4.5;2.9;3.2;3.9;4.7;4.7;5.7;5.6;7.1;6.2;8.3;13.9;12.8;13.4;11.6;8.9;8.9;8.6;9.7;9.6;8.9;13.1;9.4;8.7
Afghanistan;;;;;;;;;;;;;;;;;5.4;5.1;5.3;8.5;9.3;9.3;10.7;11.4;7.9;7.0;8.3;6.0;5.4;5.4;5.5;6.1;7.3;7.0;;;
Bangladesh;3.1;3.5;3.4;3.4;3.7;4.0;4.6;5.1;5.2;5.4;5.5;5.6;5.6;5.2;4.9;5.1;5.4;5.4;5.7;6.5;6.9;8.4;10.7;11.8;11.8;13.1;15.0;17.7;20.2;20.2;22.4;26.5;28.1;29.0;25.0;22.2;23.4
India;13.9;12.7;12.3;9.9;9.0;9.0;9.5;10.3;10.2;11.6;11.8;13.5;13.6;13.7;13.6;14.8;18.0;20.1;20.6;23.9;27.5;31.8;37.3;39.6;37.2;36.8;39.0;38.9;42.4;47.7;48.5;51.7;52.2;54.2;56.4;57.5;59.6
Nepal;1.9;1.9;2.0;1.8;1.9;1.8;1.8;1.8;1.8;1.9;1.8;2.0;2.1;2.6;3.4;4.0;5.1;6.1;5.9;6.4;7.0;7.7;9.4;10.4;9.3;10.2;11.9;11.7;12.8;15.6;15.3;15.2;15.1;15.5;15.3;14.7;14.4
Pakistan;25.5;23.3;24.6;26.0;27.8;26.4;25.8;27.6;26.0;23.6;22.3;20.7;19.5;18.1;20.3;22.6;24.4;26.5;28.0;29.4;27.9;27.5;30.3;34.5;36.3;36.6;40.8;44.0;45.7;51.4;51.3;44.7;44.0;49.1;42.9;35.1;40.8
Sri Lanka;10.3;7.8;11.4;16.9;19.7;21.0;25.5;43.9;43.3;38.7;39.8;33.6;43.0;34.7;29.0;27.2;30.9;32.0;39.0;51.6;73.5;73.5;73.6;83.7;70.0;75.3;89.2;95.1;79.8;84.8;73.9;69.9;66.1;68.0;44.0;50.9;57.9
China;;10.0;8.7;8.4;10.4;10.4;8.2;10.2;11.6;12.7;13.7;16.3;17.6;20.8;23.6;25.7;29.2;32.8;39.2;47.0;59.3;72.2;78.3;92.4;106.4;119.4;131.6;141.1;141.8;149.4;164.2;169.1;181.0;200.4;204.7;208.4;220.7
Japan;230.9;227.9;233.8;265.2;290.0;331.8;362.1;398.1;350.1;322.2;299.4;340.4;358.6;320.6;308.8;333.0;354.9;346.4;324.8;316.5;361.8;401.5;426.3;474.1;468.8;383.5;367.5;330.6;365.4;354.4;382.2;400.4;406.1;425.3;344.7;386.5;445.5
Korea, North;;;;;;;;;;;;;;;;;;;;;;;;;;;;34.1;35.6;37.3;62.0;;;;;;
Korea, South;181.4;219.1;230.7;247.1;260.8;276.5;300.4;355.5;360.8;324.3;226.9;260.8;296.0;275.9;298.9;334.2;374.5;463.8;525.4;576.5;540.2;507.3;579.2;633.9;647.3;688.5;746.5;720.3;720.5;762.1;835.1;852.9;889.8;980.4;895.0;923.5;919.5
Mongolia;;;;50.8;14.9;6.2;7.2;9.2;9.2;7.9;8.3;7.4;9.9;9.4;10.2;9.7;11.0;11.7;15.2;21.8;25.5;14.2;20.5;32.0;41.0;36.7;36.5;34.6;32.0;28.5;28.1;29.4;29.3;29.3;26.7;32.7;52.4
Taiwan;353.4;400.5;424.3;449.9;482.3;552.8;562.1;534.8;544.1;519.6;420.1;395.3;394.9;356.6;334.6;330.3;345.0;351.6;334.4;355.2;388.8;394.5;391.8;430.1;450.5;426.0;418.1;417.1;410.2;443.8;444.2;464.5;508.0;589.2;650.3;699.4;708.2
Brunei;752.7;762.8;917.3;947.6;946.2;856.9;931.9;992.1;1113.1;1222.1;951.4;817.8;756.1;659.6;671.2;709.5;569.7;698.3;810.6;880.5;967.9;918.0;1004.4;1048.9;1020.5;1010.0;1274.8;1009.6;949.1;806.3;822.3;942.6;981.0;1007.4;960.0;982.3;1211.7
Cambodia;;;4.0;5.8;7.9;5.3;12.1;12.8;10.9;9.2;7.0;7.2;6.6;5.6;5.1;5.2;5.3;5.3;5.6;5.8;5.9;9.6;11.7;13.2;14.7;16.2;18.2;21.0;24.3;28.7;33.6;36.4;37.4;37.4;36.2;38.6;41.1
Indonesia;7.7;7.9;8.9;9.2;10.0;10.1;11.5;12.5;14.3;15.8;4.7;5.4;5.3;4.2;6.2;9.5;10.7;9.4;11.2;14.2;13.5;13.7;19.1;23.6;26.0;33.0;26.9;29.2;28.1;33.1;27.9;30.1;34.3;31.9;36.5;40.2;39.1
Laos;;;;;22.7;23.3;24.5;21.3;15.7;13.1;6.4;2.9;2.5;2.3;2.1;1.9;2.0;2.1;2.3;2.5;2.7;2.3;2.4;3.0;3.1;3.5;;;;;;;;;;;
Malaysia;51.7;59.8;64.0;86.9;95.0;100.8;108.4;121.8;117.6;99.0;53.5;75.0;67.6;83.2;94.0;118.1;113.1;122.2;125.0;148.7;161.7;142.4;135.7;162.3;153.3;164.3;161.6;146.4;132.3;109.0;105.6;98.4;100.1;107.8;106.5;112.5;122.0
Myanmar;6.7;14.1;20.6;23.5;33.7;50.0;67.1;92.9;109.0;110.1;133.5;156.1;200.5;207.8;239.1;520.7;636.9;697.3;;;;;;;59.8;47.3;47.0;50.2;47.9;43.0;29.4;29.2;47.3;49.7;46.5;46.2;92.3
Philippines;15.8;15.8;15.3;14.3;16.6;17.6;20.4;24.4;26.3;21.6;16.4;17.5;16.6;13.9;14.6;15.5;14.5;15.7;18.1;22.3;24.7;22.6;25.6;27.7;29.2;33.4;30.1;31.9;31.4;35.7;37.8;38.8;42.1;49.2;46.9;44.9;53.0
Singapore;429.3;488.2;602.8;654.4;732.9;758.6;831.3;1058.1;1139.9;1194.0;1156.8;1139.8;1085.1;1056.2;1090.3;1140.7;1219.4;1297.8;1347.5;1452.8;1584.0;1535.8;1612.4;1740.9;1750.4;1747.8;1769.3;1708.6;1776.1;1818.6;1885.9;1838.9;1725.0;1981.9;2167.8;2459.5;2591.4
Thailand;34.4;36.3;40.8;47.1;52.8;55.4;62.4;65.6;66.2;54.1;34.5;33.2;30.0;27.2;27.9;29.1;29.9;28.4;31.8;40.1;54.2;63.9;76.0;75.0;78.1;79.8;79.7;77.2;78.7;86.1;93.4;99.2;101.9;99.3;84.0;80.1;77.0
Timor Leste;;;;;;;;;;;;;;;;;;8.8;17.8;24.0;23.2;34.9;24.6;18.7;29.7;27.6;25.3;31.0;21.5;20.5;16.3;26.7;29.3;29.3;32.5;40.0;33.3
Viet Nam;21.0;7.2;7.9;6.5;4.9;4.3;6.1;;;;;;;;;10.6;11.4;12.7;15.8;21.5;25.3;27.9;30.7;30.5;37.8;41.4;46.7;49.5;53.7;53.6;57.4;;;;;;
Kazakhstan;;;;;;;6.2;10.5;14.6;14.6;15.3;9.3;9.3;14.3;15.8;20.2;27.0;37.2;49.5;84.1;94.3;77.0;89.8;106.4;126.7;146.4;130.4;114.0;70.3;75.1;79.7;97.2;80.0;82.5;58.5;57.7;59.1
Kyrgyz Republic;;;;;;;6.2;11.0;11.5;11.4;9.0;6.8;7.9;7.1;8.6;10.7;12.2;14.5;17.1;21.9;28.0;27.8;33.9;38.0;37.5;40.8;43.1;38.7;37.6;38.9;39.9;39.7;39.2;38.9;51.1;69.0;66.3
Tajikistan;;;;;0.2;4.1;2.5;1.0;2.2;3.1;3.7;2.4;1.7;2.0;4.0;5.3;6.7;;;;7.2;6.4;7.1;9.2;9.6;;12.5;11.8;9.7;8.7;8.9;8.8;8.0;9.1;20.2;27.7;23.5
Turkmenistan;;;;;;;19.5;32.6;11.5;24.7;20.0;25.2;;;;;;;;;;;;;;;;;;;;;;;;;
Uzbekistan;;;;;;;3.9;5.0;7.4;9.2;;10.3;4.7;2.4;1.8;2.1;;;;;;;;;;;;;;;44.9;;;;;;
Albania;;;;;9.6;12.0;15.2;15.6;14.1;9.2;10.4;13.4;14.3;16.9;18.7;24.4;32.5;35.7;46.0;64.2;85.0;61.4;63.1;67.7;62.9;61.9;61.3;45.6;45.2;49.8;60.7;68.2;68.3;77.7;80.7;140.9;191.1
Bosnia and Herzegovina;;;;;;;;;;;;;;;57.5;48.3;48.0;42.1;43.7;48.2;58.6;61.9;57.2;56.1;53.2;54.4;53.1;45.8;45.2;45.3;50.5;49.1;50.4;64.0;57.4;61.8;68.0
Bulgaria;;230.4;89.5;26.5;29.6;33.3;28.7;37.1;25.7;29.6;39.2;44.1;43.7;51.0;57.8;72.6;79.8;86.5;93.4;130.1;153.6;120.5;111.5;102.3;98.2;111.4;103.2;87.8;93.7;101.4;136.4;308.4;161.0;184.4;210.1;292.0;343.7
Croatia;;;;;7.5;121.5;313.1;419.0;394.2;371.2;299.7;235.9;153.3;145.2;167.5;165.5;168.7;181.9;191.3;221.0;288.1;255.0;228.0;254.0;223.4;226.3;254.3;212.0;200.9;221.7;234.9;246.3;247.2;345.4;327.8;368.7;418.9
Czechia;;;;;;79.1;90.9;103.2;109.1;96.1;113.5;117.5;113.0;115.6;146.0;184.1;199.2;237.5;238.1;262.4;281.8;261.4;239.2;236.0;211.4;204.5;192.4;169.2;185.7;197.2;257.0;275.8;308.1;373.3;380.8;467.0;604.6
Czechoslovakia;;;;;;;;;;;;;;;;;;;;;;;;;;;;;;;;;;;;;
Estonia;;;;;;8.6;16.9;24.8;28.7;37.2;42.3;52.5;55.9;67.3;88.2;124.7;150.0;150.5;174.9;277.0;321.1;264.5;249.2;292.7;329.7;363.1;389.1;353.1;378.2;408.4;466.2;480.8;540.3;562.8;613.9;904.1;1054.8
German Democratic Republic;;;;;;;;;;;;;;;;;;;;;;;;;;;;;;;;;;;;;
Hungary;98.3;78.0;81.6;69.6;78.3;71.0;73.2;59.3;56.7;67.6;60.2;68.7;70.2;83.0;106.3;138.5;151.8;158.4;140.2;176.9;186.3;147.4;135.2;147.7;133.2;129.2;122.5;114.9;131.1;173.8;165.2;224.2;283.4;247.6;336.3;449.8;488.6
Kosovo;;;;;;;;;;;;;;;;;;;;;0.5;15.1;21.5;28.5;24.1;26.8;29.5;27.8;29.5;32.5;35.7;37.3;45.2;45.3;62.3;77.9;97.9
Latvia;;;;;;6.8;13.3;17.4;15.4;15.5;17.4;23.6;29.4;36.9;63.4;82.2;100.7;121.1;165.0;218.0;265.4;168.2;122.4;143.1;125.1;140.1;147.7;142.3;205.5;247.4;366.6;360.4;388.9;434.6;456.1;665.1;758.3
Lithuania;;;;;;5.6;5.7;8.4;11.7;21.1;38.8;30.1;40.0;47.8;52.5;61.4;79.7;90.6;106.9;136.0;168.5;127.1;103.9;112.9;109.4;119.4;145.0;161.3;220.0;285.0;375.9;391.3;420.1;467.2;621.2;761.3;916.5
North Macedonia;;;;;;;;;65.2;41.2;38.9;32.4;34.0;109.7;51.3;55.7;64.9;60.8;60.3;77.9;83.1;76.9;63.2;64.7;58.7;62.6;61.9;50.2;52.5;51.6;62.0;76.5;81.4;110.6;119.4;145.2;193.5
Montenegro;;;;;;;;;;;;;;;;;;95.9;98.3;101.2;134.4;121.1;118.8;125.6;107.0;102.3;106.7;90.3;98.6;105.7;122.0;120.5;135.9;150.4;162.8;181.9;234.8
Poland;47.2;39.4;40.5;45.2;49.3;55.5;58.8;70.9;80.4;83.2;91.1;84.2;82.2;94.9;98.7;108.6;125.1;154.6;173.7;225.8;246.0;208.0;231.2;247.7;235.0;242.5;270.4;266.9;239.5;258.0;314.8;308.3;358.9;401.2;404.2;678.7;981.6
Romania;110.8;112.6;75.9;60.0;36.2;31.6;41.1;43.3;38.7;47.8;56.1;43.0;42.3;44.8;48.3;57.7;71.2;92.7;106.6;124.5;144.3;107.8;101.7;116.9;104.1;121.9;134.5;129.5;133.4;183.6;221.9;236.0;259.7;274.2;270.7;293.6;457.1
Serbia;;;;;;;;;;117.2;82.5;95.1;43.7;64.4;88.9;96.1;97.5;83.3;93.7;129.6;148.8;131.0;117.7;133.7;117.7;127.7;126.7;97.2;109.7;112.2;151.1;168.5;184.8;263.6;213.6;264.7;343.7
Slovakia;;;;;;50.2;56.2;117.7;119.7;93.1;74.0;60.8;63.6;73.2;81.8;116.1;132.3;153.1;169.5;211.9;262.5;250.9;211.1;197.4;188.9;179.0;184.3;182.0;185.0;193.1;238.2;330.9;375.4;378.4;384.1;442.6;516.2
Slovenia;;;;;140.8;115.6;119.7;168.3;166.0;146.5;151.9;139.0;112.0;136.6;164.2;209.3;247.4;257.9;304.4;345.3;410.2;393.9;377.9;325.4;265.0;246.6;236.2;194.6;217.9;229.8;256.7;276.0;271.5;360.8;366.9;431.0;449.2
Yugoslavia;;;;;;;;;;;;;;;;;;;;;;;;;;;;;;;;;;;;;
Armenia;;;;;;2.8;;15.7;15.9;19.6;20.7;21.4;21.6;21.3;20.9;25.1;32.4;46.7;62.8;93.9;133.5;121.7;134.4;133.7;130.2;152.1;156.6;153.1;147.7;152.1;176.3;224.3;218.6;215.0;278.1;457.0;475.2
Azerbaijan;;;;;1.5;10.4;5.8;8.6;9.2;11.7;13.4;14.9;14.7;16.1;16.9;21.1;27.1;35.6;82.9;107.9;180.9;163.7;162.4;334.8;348.6;356.7;358.2;299.2;142.4;154.0;167.0;184.2;220.4;264.8;291.6;344.7;366.5
Belarus;;;;;;;;17.5;18.0;24.6;22.5;16.5;14.0;17.8;20.6;23.5;32.2;46.7;65.6;78.0;92.5;71.0;80.8;79.8;85.3;101.4;86.8;67.8;75.8;78.8;97.3;95.0;91.6;102.3;120.1;172.7;164.1
Georgia;;;;;;;;;13.9;9.3;8.9;5.7;4.3;5.6;8.2;10.4;17.3;53.0;100.8;234.0;275.8;153.6;116.2;120.7;127.7;115.6;109.6;79.0;83.1;84.7;88.0;81.8;75.8;79.2;106.1;133.5;161.7
Moldova;;;;;;;;3.0;3.5;4.0;2.4;1.4;1.2;1.4;1.7;2.0;2.3;3.0;4.2;5.8;9.7;6.7;5.0;6.4;6.8;7.8;8.2;7.0;8.4;9.6;11.8;13.7;14.4;16.8;17.4;30.6;36.3
Russia;;;;;;52.4;91.5;85.9;106.8;118.8;53.8;43.8;62.8;79.8;95.7;116.2;144.1;188.7;239.2;302.5;390.7;358.3;408.0;487.9;565.2;611.7;585.0;457.8;475.8;458.2;421.0;445.0;421.1;450.8;703.6;749.6;1025.9
Ukraine;;;;;;2.9;17.6;20.2;28.5;40.6;27.8;18.8;22.8;22.1;24.1;29.5;35.0;50.3;63.1;86.8;102.5;73.9;80.1;79.5;89.5;95.0;86.0;76.4;74.9;80.1;104.8;138.9;152.5;154.9;934.4;1707.0;1728.2
Austria;226.2;213.8;258.0;258.5;274.3;268.3;280.9;321.9;309.0;271.7;270.9;266.1;240.6;223.0;233.4;294.0;329.0;327.5;319.8;422.5;450.9;400.0;385.3;407.0;379.0;382.0;388.4;310.4;331.6;359.4;384.0;376.6;431.4;469.3;401.7;487.3;576.3
Belgium;413.6;391.0;466.9;463.6;412.2;372.0;390.5;439.1;418.2;362.2;359.5;352.3;311.6;295.8;305.3;374.2;410.0;404.8;409.8;487.9;590.3;522.7;482.4;499.9;466.7;472.5;464.3;373.9;376.2;390.5;424.6;415.6;461.4;539.9;594.7;652.2;730.0
Cyprus;320.4;317.4;525.4;526.9;783.7;328.4;357.0;349.9;513.8;600.8;533.9;314.2;299.1;342.7;249.5;291.3;335.5;370.9;371.0;380.8;419.4;428.5;426.8;421.9;358.6;327.6;299.9;270.8;240.5;288.2;356.6;362.5;373.3;413.6;401.9;417.7;442.4
Denmark;452.4;425.7;516.0;519.1;549.7;517.7;523.1;597.8;587.7;531.6;537.5;524.1;448.9;472.1;501.9;594.2;663.0;641.0;717.9;766.6;874.4;786.9;813.6;812.5;792.4;752.6;720.8;594.4;629.5;654.7;788.6;773.0;839.3;903.0;932.2;1371.0;1669.8
Finland;345.1;356.5;430.4;440.3;412.8;319.6;345.9;374.4;395.1;379.4;380.7;320.5;301.3;285.5;310.2;475.4;554.2;572.7;595.2;624.7;746.8;739.9;694.7;762.7;730.1;766.7;731.2;621.2;622.4;623.5;681.0;658.8;700.2;692.4;801.4;1060.5;1245.2
France;539.6;524.8;629.3;627.8;660.2;620.0;644.0;690.6;668.7;593.4;573.3;554.8;479.2;468.3;508.6;637.1;730.6;723.7;740.4;814.1;884.3;896.6;822.7;851.3;785.9;809.7;823.1;704.1;703.1;730.8;784.8;768.6;811.7;890.0;826.3;896.2;972.6
Germany;420.9;400.4;499.5;462.6;488.0;428.9;416.8;471.0;444.6;377.9;376.8;374.3;322.6;314.0;335.1;400.0;433.7;434.4;437.5;492.8;555.3;549.7;532.1;558.9;541.3;546.7;550.3;467.8;483.4;509.7;558.5;587.9;637.5;675.8;670.3;797.2;1044.4
Greece;270.8;251.0;311.9;306.1;350.6;323.9;343.6;398.3;437.5;431.7;453.0;468.4;424.4;409.6;435.3;461.8;573.3;641.1;691.6;773.5;956.2;959.1;734.1;640.6;533.4;513.8;506.2;443.7;460.3;472.6;536.0;502.1;538.8;776.9;834.8;677.8;791.4
Iceland;;;;;;;;;;;;;;;;;;;;;;;;;;;;;;;;;;;;;
Ireland;128.3;123.5;169.4;177.5;190.0;167.5;176.9;195.2;207.2;209.5;201.1;198.7;184.0;200.5;208.2;243.7;273.8;278.8;283.2;316.6;355.5;313.3;280.1;284.5;252.2;259.3;257.1;213.1;211.9;214.4;228.7;226.9;230.6;253.4;230.4;245.7;254.5
Italy;305.8;310.4;363.8;378.3;388.5;319.1;315.9;298.1;363.9;352.5;364.1;367.2;347.2;340.7;377.0;466.3;522.1;509.2;505.3;543.3;620.7;569.7;533.4;561.1;492.7;494.2;456.4;365.8;413.7;437.6;471.0;438.1;548.4;606.1;581.4;620.1;638.8
Luxembourg;208.9;182.5;230.5;253.5;286.2;247.2;284.6;317.3;311.0;291.2;306.4;297.5;267.2;329.6;312.1;399.7;466.0;477.7;476.1;542.9;441.9;407.8;492.4;453.4;408.7;435.2;458.3;443.2;409.0;546.8;590.2;621.8;679.2;635.1;789.3;1002.3;1302.9
Malta;62.2;58.7;57.8;58.8;71.6;65.4;73.3;81.3;86.3;80.1;74.2;70.9;63.7;67.6;70.3;83.8;98.8;127.4;107.1;118.4;134.0;140.7;139.2;131.8;117.2;125.7;131.7;117.7;132.6;139.6;140.5;162.5;167.5;168.5;149.9;212.5;203.8
Netherlands;455.3;430.2;495.8;480.1;519.5;460.0;462.2;515.9;501.8;436.2;433.5;442.3;373.4;384.6;414.2;511.6;571.7;581.6;620.0;695.5;747.5;729.2;670.7;692.8;613.7;603.6;608.1;507.9;531.6;555.0;639.9;686.8;743.4;814.6;766.3;922.6;1276.0
Norway;689.6;694.8;802.0;773.5;890.2;738.7;786.9;806.8;809.4;740.5;752.8;744.5;652.6;658.7;898.7;992.4;1067.8;1060.6;1080.1;1255.1;1344.9;1291.0;1337.7;1470.0;1432.8;1463.4;1436.1;1125.7;1150.2;1303.4;1424.2;1415.6;1346.2;1564.7;1603.3;1602.8;1880.2
Portugal;101.7;110.0;141.6;160.1;192.1;166.2;164.5;201.3;195.5;178.8;174.1;178.4;162.5;170.1;189.2;226.4;271.9;299.5;300.0;314.1;351.8;353.7;334.5;345.3;288.5;311.1;287.9;254.6;306.8;263.2;314.3;319.6;315.4;374.1;342.8;406.1;445.0
Spain;228.8;238.6;299.4;298.7;311.7;253.9;253.9;286.3;281.3;244.6;255.0;273.0;251.1;248.5;248.3;305.6;356.1;366.9;389.3;445.1;483.7;433.8;421.6;419.7;400.7;367.1;367.4;325.3;300.2;342.9;379.6;363.9;365.9;409.5;425.3;497.2;513.7
Sweden;552.9;576.9;693.5;684.4;710.5;546.8;551.0;527.8;486.8;575.0;569.2;573.8;537.7;482.2;488.8;593.4;614.4;612.3;616.4;700.8;656.1;546.9;630.1;671.7;658.4;683.2;679.7;552.6;551.0;552.9;566.5;570.8;607.2;730.6;738.8;832.1;1137.9
Switzerland;498.9;465.5;607.7;594.9;604.8;522.8;559.6;661.8;600.3;494.0;492.4;441.7;390.9;383.6;397.7;447.5;476.1;470.3;446.6;469.8;540.1;527.0;529.0;631.8;577.1;625.9;566.6;548.7;548.8;549.6;558.2;587.6;665.8;632.4;646.6;711.2;755.5
United Kingdom;673.5;656.0;760.4;818.6;791.0;659.4;665.9;659.3;662.4;683.4;704.4;694.0;667.4;667.8;744.8;877.2;1004.7;1021.2;1055.9;1198.5;1180.1;1028.0;1019.6;1052.2;1026.7;994.9;1036.9;921.2;812.4;787.3;838.8;845.0;867.0;966.3;943.4;1100.2;1186.3
European Union;;;;;;;;;;;;;;;;;;;;;;;;;;;;;;;;;;;20.2;28.4;26.4
Bahrain;440.4;446.0;473.0;502.5;517.1;503.2;499.3;517.4;535.5;522.4;521.8;563.2;542.4;550.0;614.3;660.6;632.5;569.1;596.3;626.3;661.1;718.9;693.7;852.7;983.5;1094.7;1149.0;1074.5;1077.7;1048.4;1017.1;1043.3;950.5;966.1;1054.8;1045.4;871.5
Egypt;81.8;62.8;39.3;22.7;23.3;24.5;27.0;30.0;31.9;33.5;34.3;34.6;36.3;38.4;38.5;30.9;30.1;33.1;36.0;39.6;44.4;46.4;49.9;49.6;49.5;46.3;52.7;55.5;44.9;26.9;29.8;35.1;41.5;46.9;41.6;27.9;20.7
Iran;348.2;291.7;286.4;296.2;324.9;23.5;27.8;40.4;56.8;73.4;85.5;102.3;126.4;155.1;47.7;54.6;75.5;95.7;120.5;125.8;147.7;165.6;176.3;183.3;209.1;150.2;122.3;129.0;147.4;165.0;137.8;56.8;38.3;64.8;83.9;82.0;86.6
Iraq;;;;;;;;;;;;;;;;;22.6;40.0;42.9;70.0;109.8;109.5;122.9;135.6;126.3;225.3;192.2;259.1;156.9;190.7;158.8;186.5;135.7;112.0;107.7;123.8;135.6
Israel;1638.1;1278.7;1476.4;2000.4;1495.0;1543.5;1509.5;1503.8;1566.7;1539.4;1415.6;1305.7;1380.8;1373.7;1261.1;1275.8;1312.0;1337.4;1372.9;1648.9;1965.8;1785.6;1908.8;2039.2;1927.1;2116.2;2267.9;2063.8;2143.9;2335.5;2358.9;2369.2;2499.0;2744.2;2596.3;2991.9;4988.8
Jordan;188.5;117.2;94.0;113.7;91.5;92.3;91.5;64.3;86.3;89.1;97.2;98.1;99.3;97.2;93.9;107.8;101.0;101.3;115.0;152.9;196.8;221.6;216.2;215.9;194.5;190.1;184.8;175.5;178.9;191.6;189.3;192.1;191.0;198.5;209.1;215.9;222.0
Kuwait;813.8;954.7;3967.0;11643.6;3964.9;1777.0;1977.2;2221.7;1905.6;1395.3;1256.7;1221.3;1398.9;1355.1;1387.2;1501.6;1616.7;1609.8;1569.0;1689.5;1717.2;1545.7;1511.6;1786.5;1829.9;1662.2;1625.4;1531.8;1642.5;1656.8;1695.1;1668.2;1554.9;2081.3;1879.6;1618.0;1595.6
Lebanon;11.5;;60.2;63.2;119.4;119.6;165.3;190.2;184.0;166.5;167.4;196.7;216.6;219.5;204.5;205.7;209.2;207.6;214.4;240.2;239.1;287.6;315.5;321.6;342.2;362.7;369.1;342.2;407.2;390.9;456.9;394.7;75.8;30.1;38.2;49.7;109.8
Oman;743.6;717.8;841.8;694.0;800.6;726.9;737.2;720.2;671.9;681.7;597.3;598.9;695.4;792.6;804.0;838.0;938.4;1126.2;1215.4;1276.4;1332.7;1268.4;1352.8;1785.3;2758.9;2343.3;2091.6;1847.4;1849.4;1515.1;1650.4;1420.7;1333.6;1292.7;1277.6;1186.2;1159.4
Qatar;2432.1;2029.8;1826.3;2003.7;;;;;;;;;;;1096.5;1077.8;1014.9;1130.6;1230.6;1446.5;1733.4;1284.3;1134.0;;;;;;;;;;;4153.9;5428.7;;
Saudi Arabia;1423.1;1291.3;1575.2;1500.6;1344.7;1376.6;1144.1;1013.9;983.8;1285.4;1424.3;1205.5;1267.8;1266.1;1058.8;1021.8;1087.6;1262.5;1408.1;1618.8;1674.6;1737.6;1832.9;1893.6;2125.4;2433.3;2832.7;2957.0;2090.1;2273.1;2438.8;2168.9;2095.4;2027.2;2252.6;2366.1;2386.5
Syria;321.4;123.8;132.6;226.4;225.8;104.9;116.9;66.4;67.2;68.8;70.2;70.4;54.6;60.7;63.9;81.2;76.7;78.1;75.3;79.1;80.4;100.4;105.5;109.7;;;;;;;;;;;;;
Türkiye;;;;;;;;;;;;;;;;;;;;;;;;;;;;;;;;;;;;;
United Arab Emirates;;;;;;;;;;1232.3;1369.7;1342.6;1738.9;1607.0;1394.7;1432.2;1581.3;1452.4;1498.4;1615.9;1924.4;2099.0;2565.9;2718.9;2590.4;3079.9;2839.4;;;;;;;;;;
Yemen, North;;;;;;;;;;;;;;;;;;;;;;;;;;;;;;;;;;;;;
Yemen;;;59.3;72.6;88.9;100.5;148.4;49.0;24.4;22.6;21.2;21.1;24.5;27.1;35.9;38.2;33.8;36.4;35.5;43.9;48.4;55.7;55.0;59.3;57.8;57.1;57.6;;;;;;;;;;
